x,y,proxy
0.0,2.5316455696202533,-0.024807391088075625
98.73417721518987,43.037974683544306,0.2366830427156035
24.050632911392405,39.24050632911393,1.1380710307114235
8.860759493670887,96.20253164556962,0.025436099666438255
67.08860759493672,2.5316455696202533,0.020578851497834297
18.9873417721519,35.44303797468355,0.9861650369532244
72.15189873417722,29.113924050632914,0.14958286168663698
49.36708860759494,84.81012658227849,0.07195808853193376
72.15189873417722,27.848101265822788,0.15511140448836053
93.67088607594937,74.68354430379748,0.2617689821914825
68.35443037974684,82.27848101265823,0.18319359843819094
22.78481012658228,13.924050632911394,0.06024146886255239
55.696202531645575,10.126582278481013,0.07239309132341765
94.9367088607595,17.721518987341774,0.2421956721375395
69.62025316455697,91.13924050632912,0.15561666219604917
92.40506329113924,45.56962025316456,0.2749993340374286
68.35443037974684,54.43037974683545,0.9239613033365501
43.037974683544306,6.329113924050633,0.08781804887267032
43.037974683544306,26.58227848101266,0.07824915654510915
98.73417721518987,59.493670886075954,0.35455636160549825
48.10126582278481,69.62025316455697,0.0898626891814328
8.860759493670887,87.34177215189874,0.10339338400354121
60.75949367088608,92.40506329113924,0.12570402677855402
25.31645569620253,67.08860759493672,0.06899556336952856
44.30379746835443,50.63291139240506,0.9523812415317525
97.46835443037975,25.31645569620253,0.3170319880950335
5.063291139240507,62.025316455696206,0.10853209083165417
93.67088607594937,0.0,0.22740589794373028
62.025316455696206,96.20253164556962,0.11010947339436579
26.58227848101266,6.329113924050633,0.12096228861231476
43.037974683544306,13.924050632911394,0.06540794823393897
55.696202531645575,50.63291139240506,1.0986777962595258
7.59493670886076,94.9367088607595,0.12153152321311726
68.35443037974684,25.31645569620253,0.10258515433612175
16.455696202531648,48.10126582278481,0.3360468808050034
31.645569620253166,35.44303797468355,0.8724285671809872
73.41772151898735,79.74683544303798,0.12612318788919447
51.898734177215196,93.67088607594937,0.10462992169745657
36.708860759493675,65.82278481012659,0.11261014488857295
58.22784810126583,82.27848101265823,0.16953532643551572
56.9620253164557,43.037974683544306,0.6206732038332585
29.113924050632914,8.860759493670887,0.08305782407786425
37.9746835443038,91.13924050632912,0.12881957543023528
54.43037974683545,32.911392405063296,0.1937539504763604
70.8860759493671,81.0126582278481,0.17831673890173513
44.30379746835443,35.44303797468355,0.45175595725706097
13.924050632911394,50.63291139240506,0.21383450716454655
22.78481012658228,78.48101265822785,0.13779941226361006
98.73417721518987,0.0,0.22034389121133838
58.22784810126583,2.5316455696202533,0.07092664477114095
16.455696202531648,12.658227848101266,0.09311392488165156
3.79746835443038,32.911392405063296,0.600467642172339
35.44303797468355,25.31645569620253,0.2061810476583788
41.77215189873418,83.54430379746836,0.0860573177727046
84.81012658227849,1.2658227848101267,0.25434407256960195
77.21518987341773,63.29113924050633,0.679122844992029
30.37974683544304,6.329113924050633,0.0010917401869077192
35.44303797468355,77.21518987341773,0.10631537592720737
1.2658227848101267,39.24050632911393,0.3367276643274858
93.67088607594937,51.898734177215196,0.2682522913674392
27.848101265822788,25.31645569620253,0.2621193870186563
63.29113924050633,78.48101265822785,0.13301796031482704
12.658227848101266,30.37974683544304,0.6514346607631046
2.5316455696202533,60.75949367088608,0.01706403247820401
74.68354430379748,68.35443037974684,0.3024083565399173
32.911392405063296,78.48101265822785,0.06352963788054314
93.67088607594937,84.81012658227849,0.26559964276677017
25.31645569620253,55.696202531645575,0.21094856422360075
12.658227848101266,37.9746835443038,0.8336033953532238
67.08860759493672,3.79746835443038,0.12356067018184103
29.113924050632914,7.59493670886076,0.06036382180125501
3.79746835443038,12.658227848101266,0.006531058853814907
84.81012658227849,75.9493670886076,0.2625235317962118
81.0126582278481,18.9873417721519,0.15720977381796544
79.74683544303798,31.645569620253166,0.2013091567591672
34.17721518987342,88.60759493670886,0.14330761188663796
70.8860759493671,44.30379746835443,0.29802252949894675
2.5316455696202533,35.44303797468355,0.5421528314966232
18.9873417721519,22.78481012658228,0.20461680284481634
27.848101265822788,13.924050632911394,0.10668982330257894
34.17721518987342,87.34177215189874,-0.00201486420004654
43.037974683544306,62.025316455696206,0.13827796475457088
44.30379746835443,65.82278481012659,0.10153200091445932
89.87341772151899,36.708860759493675,0.22768912903622188
91.13924050632912,12.658227848101266,0.24405053351818215
30.37974683544304,86.07594936708861,0.1338780330447087
94.9367088607595,79.74683544303798,0.30799746305834397
44.30379746835443,53.16455696202532,0.7315218131264384
75.9493670886076,44.30379746835443,0.33615081876169767
97.46835443037975,62.025316455696206,0.36668883143932746
73.41772151898735,45.56962025316456,0.371581112600099
65.82278481012659,98.73417721518987,0.13305326115786809
37.9746835443038,13.924050632911394,0.10580535461933896
86.07594936708861,83.54430379746836,0.2816770564621608
20.253164556962027,74.68354430379748,0.18733280511697892
51.898734177215196,30.37974683544304,0.1575852227687286
8.860759493670887,0.0,0.050654210405067804
44.30379746835443,0.0,0.04247118310516594
56.9620253164557,54.43037974683545,0.9980418260854959
26.58227848101266,10.126582278481013,0.13228223292031135
87.34177215189874,21.518987341772153,0.22512799136990702
64.55696202531647,25.31645569620253,0.09909183170759489
21.518987341772153,58.22784810126583,0.15791327727265903
74.68354430379748,79.74683544303798,0.16612250711060855
10.126582278481013,29.113924050632914,0.6243090639126383
44.30379746835443,36.708860759493675,0.585798322318756
3.79746835443038,20.253164556962027,0.18150652495179193
37.9746835443038,69.62025316455697,0.10444404003880749
81.0126582278481,11.39240506329114,0.16301053388666847
2.5316455696202533,39.24050632911393,0.41729335255412175
18.9873417721519,37.9746835443038,1.0722733613083903
96.20253164556962,73.41772151898735,0.31574974965991387
3.79746835443038,44.30379746835443,0.24788664156429724
5.063291139240507,100.0,0.08173623426020699
97.46835443037975,41.77215189873418,0.25217744173530404
60.75949367088608,50.63291139240506,0.9891141978048078
20.253164556962027,46.835443037974684,0.5246448253986234
29.113924050632914,32.911392405063296,0.7195780010551825
78.48101265822785,17.721518987341774,0.19663248014353493
6.329113924050633,60.75949367088608,0.09908690638970113
32.911392405063296,41.77215189873418,1.1937216685075385
17.721518987341774,78.48101265822785,0.12929282712120957
72.15189873417722,18.9873417721519,0.15504294266306967
25.31645569620253,48.10126582278481,0.5897255073191613
83.54430379746836,21.518987341772153,0.14011765272771654
45.56962025316456,6.329113924050633,0.08001841337675025
6.329113924050633,63.29113924050633,0.07278415840538835
10.126582278481013,50.63291139240506,0.14145578123218713
65.82278481012659,29.113924050632914,0.11571396149890012
64.55696202531647,48.10126582278481,0.7770828746802653
26.58227848101266,93.67088607594937,0.09301240103416036
53.16455696202532,26.58227848101266,0.07588147603169301
63.29113924050633,56.9620253164557,0.8599468422057672
73.41772151898735,74.68354430379748,0.16787935907645177
93.67088607594937,54.43037974683545,0.3287799924984218
53.16455696202532,69.62025316455697,0.09902593605669688
2.5316455696202533,75.9493670886076,0.03964554605770365
81.0126582278481,58.22784810126583,0.6685233881736367
27.848101265822788,87.34177215189874,0.1595359027983068
82.27848101265823,50.63291139240506,0.39517367059743835
93.67088607594937,62.025316455696206,0.39791118531640823
29.113924050632914,48.10126582278481,0.7172217677674109
67.08860759493672,39.24050632911393,0.2165072360373268
72.15189873417722,51.898734177215196,0.769023024921957
77.21518987341773,98.73417721518987,0.1848859189538838
30.37974683544304,16.455696202531648,0.10169219996554216
59.493670886075954,92.40506329113924,0.11554965954158887
7.59493670886076,44.30379746835443,0.3254616838737007
15.18987341772152,10.126582278481013,0.10024427576922744
63.29113924050633,88.60759493670886,0.06465401253959437
50.63291139240506,20.253164556962027,0.10129336774355517
69.62025316455697,8.860759493670887,0.09135978854939063
67.08860759493672,5.063291139240507,0.16134294833484156
22.78481012658228,29.113924050632914,0.5353342678609191
78.48101265822785,0.0,0.09872136489002997
7.59493670886076,15.18987341772152,0.06058857390765873
43.037974683544306,1.2658227848101267,0.027970484512244626
93.67088607594937,34.17721518987342,0.2636214154251338
15.18987341772152,53.16455696202532,0.22210297998099404
64.55696202531647,73.41772151898735,0.05308630600868383
31.645569620253166,3.79746835443038,0.024604934625089475
17.721518987341774,69.62025316455697,0.1330117111029665
0.0,53.16455696202532,0.09718324789400509
75.9493670886076,37.9746835443038,0.2062880452388759
3.79746835443038,26.58227848101266,0.37662934175084484
65.82278481012659,75.9493670886076,0.18739703019143747
43.037974683544306,46.835443037974684,1.1490098067980126
97.46835443037975,54.43037974683545,0.29216797032079056
45.56962025316456,37.9746835443038,0.6715338290832243
11.39240506329114,73.41772151898735,0.094398501077275
43.037974683544306,68.35443037974684,0.16154330903865355
17.721518987341774,37.9746835443038,1.0056672027660865
18.9873417721519,51.898734177215196,0.22176044848481197
6.329113924050633,32.911392405063296,0.6946601186502998
83.54430379746836,18.9873417721519,0.21168139065845634
77.21518987341773,12.658227848101266,0.1888529142687195
45.56962025316456,51.898734177215196,0.8327598410222881
15.18987341772152,92.40506329113924,0.12209952992836394
67.08860759493672,54.43037974683545,0.9622983192454401
29.113924050632914,60.75949367088608,0.1644755233773292
58.22784810126583,24.050632911392405,0.07449687836754178
24.050632911392405,94.9367088607595,0.14421364899708405
53.16455696202532,18.9873417721519,0.0641848101202029
6.329113924050633,91.13924050632912,0.11117574389797161
91.13924050632912,67.08860759493672,0.37406869118761205
77.21518987341773,29.113924050632914,0.155627513779428
82.27848101265823,10.126582278481013,0.1975501271045246
16.455696202531648,30.37974683544304,0.7015911482677646
35.44303797468355,82.27848101265823,0.1645837902546484
10.126582278481013,17.721518987341774,0.18403563183710564
73.41772151898735,64.55696202531647,0.5194951005231686
6.329113924050633,88.60759493670886,0.03572181751561313
62.025316455696206,82.27848101265823,0.1375347755184663
58.22784810126583,68.35443037974684,0.1453690169836681
6.329113924050633,0.0,0.051554642508876154
78.48101265822785,20.253164556962027,0.185934062681143
2.5316455696202533,45.56962025316456,0.15898171840225353
1.2658227848101267,32.911392405063296,0.4732866663704654
49.36708860759494,18.9873417721519,0.10055680171726612
89.87341772151899,53.16455696202532,0.31771037772661814
69.62025316455697,96.20253164556962,0.15637062389836195
97.46835443037975,84.81012658227849,0.3261653363155179
81.0126582278481,6.329113924050633,0.17330453468728677
72.15189873417722,50.63291139240506,0.6812514432937984
63.29113924050633,1.2658227848101267,0.10666257639637503
54.43037974683545,40.50632911392405,0.5344228796120496
73.41772151898735,0.0,0.1919663617092024
12.658227848101266,17.721518987341774,0.14687699061111298
58.22784810126583,31.645569620253166,0.1908205362174078
16.455696202531648,17.721518987341774,0.10240647933704916
69.62025316455697,43.037974683544306,0.3680115979385984
49.36708860759494,97.46835443037975,0.044133713598868765
100.0,78.48101265822785,0.3050330342663005
20.253164556962027,44.30379746835443,0.7558585488974684
29.113924050632914,12.658227848101266,0.14409045865817774
22.78481012658228,22.78481012658228,0.18334580640544296
25.31645569620253,65.82278481012659,0.13878489900881658
78.48101265822785,8.860759493670887,0.1367414647238521
67.08860759493672,37.9746835443038,0.20306949806606497
50.63291139240506,22.78481012658228,0.059092189047020224
54.43037974683545,54.43037974683545,0.8886042711110448
1.2658227848101267,97.46835443037975,0.06223738085769269
36.708860759493675,91.13924050632912,0.18688155489867658
43.037974683544306,16.455696202531648,0.09176742122711506
41.77215189873418,11.39240506329114,0.05812619012883707
51.898734177215196,88.60759493670886,0.12749478442966583
94.9367088607595,55.696202531645575,0.40468705507352914
26.58227848101266,7.59493670886076,0.060196121993743315
98.73417721518987,21.518987341772153,0.23812531822124963
79.74683544303798,72.15189873417722,0.2599980753171631
69.62025316455697,20.253164556962027,0.09585688608621816
8.860759493670887,31.645569620253166,0.6795356080242477
65.82278481012659,70.8860759493671,0.14221319363149637
68.35443037974684,26.58227848101266,0.12450067006363053
8.860759493670887,88.60759493670886,0.1422108677230306
5.063291139240507,59.493670886075954,0.06751536724068721
81.0126582278481,36.708860759493675,0.18381842021155353
75.9493670886076,51.898734177215196,0.6171744670647282
18.9873417721519,83.54430379746836,0.1608304071955988
10.126582278481013,54.43037974683545,0.06095575610198785
40.50632911392405,87.34177215189874,0.03256914820611162
26.58227848101266,70.8860759493671,0.15529423752923874
88.60759493670886,64.55696202531647,0.513233659491014
44.30379746835443,98.73417721518987,0.10932287751915638
2.5316455696202533,58.22784810126583,0.05861741244719056
58.22784810126583,65.82278481012659,0.16173772550631044
20.253164556962027,73.41772151898735,0.10674837504169021
26.58227848101266,94.9367088607595,0.12372715059243986
46.835443037974684,29.113924050632914,0.11826724264765162
0.0,77.21518987341773,0.02436564341493322
37.9746835443038,55.696202531645575,0.37675329901114846
49.36708860759494,30.37974683544304,0.16933045677938885
8.860759493670887,30.37974683544304,0.6124577945447128
31.645569620253166,88.60759493670886,0.14204448691914506
13.924050632911394,82.27848101265823,0.09241016037222888
12.658227848101266,10.126582278481013,0.0886413063155096
84.81012658227849,70.8860759493671,0.3326809542297512
22.78481012658228,51.898734177215196,0.26929315150651795
84.81012658227849,88.60759493670886,0.20320764359250054
48.10126582278481,67.08860759493672,0.09471960492397657
59.493670886075954,96.20253164556962,0.09705117835936314
6.329113924050633,44.30379746835443,0.2851970771721813
0.0,54.43037974683545,0.013724700960627199
87.34177215189874,68.35443037974684,0.3569457523636642
46.835443037974684,64.55696202531647,0.0815630505959625
58.22784810126583,45.56962025316456,0.7348545762140504
60.75949367088608,59.493670886075954,0.6153754041251728
73.41772151898735,50.63291139240506,0.5931905923045786
67.08860759493672,18.9873417721519,0.11517457072124643
83.54430379746836,77.21518987341773,0.2374173657564403
15.18987341772152,97.46835443037975,0.16255203710724747
5.063291139240507,89.87341772151899,0.07093018992341424
89.87341772151899,40.50632911392405,0.2672442047126291
88.60759493670886,35.44303797468355,0.17634057506279277
32.911392405063296,92.40506329113924,0.160402865544445
81.0126582278481,29.113924050632914,0.17074670127384206
22.78481012658228,48.10126582278481,0.537907071596281
93.67088607594937,46.835443037974684,0.2780833700121938
62.025316455696206,91.13924050632912,0.11879696938784542
15.18987341772152,3.79746835443038,0.057587853509373725
30.37974683544304,37.9746835443038,1.1266980190013043
56.9620253164557,39.24050632911393,0.37147346115475643
86.07594936708861,39.24050632911393,0.20725158499206858
88.60759493670886,98.73417721518987,0.2684802417116617
36.708860759493675,89.87341772151899,0.16686227168399845
82.27848101265823,67.08860759493672,0.3986752021205359
15.18987341772152,43.037974683544306,0.6205457600466153
83.54430379746836,87.34177215189874,0.250698691704788
64.55696202531647,5.063291139240507,0.09729600903954878
100.0,58.22784810126583,0.3192439103397993
97.46835443037975,46.835443037974684,0.2634702937249815
98.73417721518987,55.696202531645575,0.2916094493791812
55.696202531645575,94.9367088607595,0.1023181555448925
55.696202531645575,27.848101265822788,0.03023249417819853
10.126582278481013,65.82278481012659,0.07538998381205059
58.22784810126583,49.36708860759494,0.9918038847896441
59.493670886075954,2.5316455696202533,0.06802347902512647
36.708860759493675,98.73417721518987,0.13098000774388252
24.050632911392405,88.60759493670886,0.0864890028766779
7.59493670886076,21.518987341772153,0.2769241337272789
30.37974683544304,74.68354430379748,0.1520466152676468
67.08860759493672,1.2658227848101267,0.08232605857303314
82.27848101265823,26.58227848101266,0.21982876702052775
29.113924050632914,37.9746835443038,1.1159893274005825
0.0,25.31645569620253,0.26881815539801135
74.68354430379748,67.08860759493672,0.3069077728627193
64.55696202531647,56.9620253164557,0.9171994217115893
91.13924050632912,54.43037974683545,0.4232520043255421
5.063291139240507,22.78481012658228,0.23586300023503143
7.59493670886076,26.58227848101266,0.4052570050167304
16.455696202531648,54.43037974683545,0.16581091662284397
91.13924050632912,55.696202531645575,0.411913304490354
15.18987341772152,96.20253164556962,0.12220282710456545
21.518987341772153,79.74683544303798,0.1491887764029912
81.0126582278481,10.126582278481013,0.1834316157261587
84.81012658227849,40.50632911392405,0.14574657432287846
88.60759493670886,88.60759493670886,0.2764218495584785
3.79746835443038,94.9367088607595,0.04388381020446876
24.050632911392405,55.696202531645575,0.18340685536052612
24.050632911392405,5.063291139240507,0.13452605787528227
87.34177215189874,24.050632911392405,0.20165610888680136
45.56962025316456,34.17721518987342,0.3557019116356891
27.848101265822788,58.22784810126583,0.13923564846645015
74.68354430379748,54.43037974683545,0.7359345048831674
16.455696202531648,15.18987341772152,0.17535816531737922
60.75949367088608,81.0126582278481,0.12531490075560656
72.15189873417722,100.0,0.18981544873549702
32.911392405063296,54.43037974683545,0.38735815571959437
46.835443037974684,67.08860759493672,0.0960625738298627
12.658227848101266,96.20253164556962,0.1623383449073131
45.56962025316456,55.696202531645575,0.5216798051889548
31.645569620253166,87.34177215189874,0.1713752846746362
82.27848101265823,24.050632911392405,0.17722057542311775
58.22784810126583,97.46835443037975,0.15455896152491952
3.79746835443038,72.15189873417722,0.06325809491733012
2.5316455696202533,2.5316455696202533,-0.03630891751494976
15.18987341772152,51.898734177215196,0.14548272421560465
83.54430379746836,82.27848101265823,0.20301277991085093
49.36708860759494,40.50632911392405,0.7468437522138879
24.050632911392405,27.848101265822788,0.40457164099708554
77.21518987341773,55.696202531645575,0.7514606003219675
88.60759493670886,22.78481012658228,0.18534934660204738
12.658227848101266,68.35443037974684,0.14943497657228008
55.696202531645575,81.0126582278481,0.13457377054684486
77.21518987341773,16.455696202531648,0.1900846319793559
100.0,31.645569620253166,0.23133970328718553
35.44303797468355,44.30379746835443,1.0927396546283132
64.55696202531647,79.74683544303798,0.1271637080022049
56.9620253164557,77.21518987341773,0.05560431998059239
21.518987341772153,100.0,0.1427131208809303
8.860759493670887,89.87341772151899,0.1513660641238783
96.20253164556962,51.898734177215196,0.27468065753069526
74.68354430379748,15.18987341772152,0.1856076707609287
63.29113924050633,37.9746835443038,0.2631448106952446
50.63291139240506,36.708860759493675,0.4183209934649522
75.9493670886076,5.063291139240507,0.1596424713795967
77.21518987341773,46.835443037974684,0.33342608434209964
25.31645569620253,39.24050632911393,1.0855557424051117
73.41772151898735,5.063291139240507,0.14485727897668277
37.9746835443038,98.73417721518987,0.139357843313829
34.17721518987342,72.15189873417722,0.14495019102969675
89.87341772151899,54.43037974683545,0.4274512342719398
2.5316455696202533,62.025316455696206,0.058870159978286755
97.46835443037975,65.82278481012659,0.3606812389361344
25.31645569620253,24.050632911392405,0.2518923099194096
27.848101265822788,41.77215189873418,1.0830488574296886
13.924050632911394,39.24050632911393,0.8256119182874782
60.75949367088608,6.329113924050633,0.0803522918489219
54.43037974683545,3.79746835443038,0.025000172903122585
77.21518987341773,69.62025316455697,0.29058954670431136
8.860759493670887,50.63291139240506,0.17014848144874217
3.79746835443038,54.43037974683545,0.013862241666321912
36.708860759493675,2.5316455696202533,0.0754279656664657
31.645569620253166,2.5316455696202533,0.11615387624365031
43.037974683544306,32.911392405063296,0.38503013610512504
35.44303797468355,96.20253164556962,0.18348732143683177
51.898734177215196,79.74683544303798,0.05410299215905001
13.924050632911394,53.16455696202532,0.17285176998256163
8.860759493670887,37.9746835443038,0.6917687751407862
54.43037974683545,20.253164556962027,0.05235343063312183
8.860759493670887,78.48101265822785,0.06378024786962683
15.18987341772152,7.59493670886076,0.08900566514446231
78.48101265822785,1.2658227848101267,0.16859829761791562
94.9367088607595,49.36708860759494,0.24681151085267045
30.37974683544304,24.050632911392405,0.1952210741518959
32.911392405063296,49.36708860759494,0.6864188778763739
72.15189873417722,75.9493670886076,0.12204804580947712
83.54430379746836,12.658227848101266,0.2083134146616051
18.9873417721519,68.35443037974684,0.09928815999417195
35.44303797468355,36.708860759493675,0.9032591278283535
75.9493670886076,48.10126582278481,0.39204661978607797
43.037974683544306,92.40506329113924,0.10735597316097295
15.18987341772152,74.68354430379748,0.11871661928919679
46.835443037974684,91.13924050632912,0.0877181317629956
50.63291139240506,49.36708860759494,1.1205027765374909
50.63291139240506,7.59493670886076,0.07230398007385322
65.82278481012659,36.708860759493675,0.19604507798915913
30.37974683544304,12.658227848101266,0.0758738289049755
56.9620253164557,12.658227848101266,0.12242341471996133
34.17721518987342,10.126582278481013,0.10090068473669733
36.708860759493675,97.46835443037975,0.12390511875046514
36.708860759493675,34.17721518987342,0.640328342105895
54.43037974683545,70.8860759493671,0.11833498483322714
84.81012658227849,59.493670886075954,0.5641043039310424
16.455696202531648,77.21518987341773,0.042270040350448276
34.17721518987342,92.40506329113924,0.10591088339527766
13.924050632911394,84.81012658227849,0.0946772959226237
74.68354430379748,96.20253164556962,0.17410359404374542
22.78481012658228,43.037974683544306,0.9284360440005308
32.911392405063296,36.708860759493675,1.0320578912870804
44.30379746835443,64.55696202531647,0.09879753855625521
31.645569620253166,13.924050632911394,0.11270022749005176
11.39240506329114,67.08860759493672,0.04748028462398332
37.9746835443038,96.20253164556962,0.12126450484832405
34.17721518987342,77.21518987341773,0.13211493211872782
94.9367088607595,1.2658227848101267,0.21241359192081893
87.34177215189874,15.18987341772152,0.24272581111994643
45.56962025316456,30.37974683544304,0.19370774516349173
16.455696202531648,82.27848101265823,0.200168210873078
48.10126582278481,10.126582278481013,0.07857601636056874
31.645569620253166,98.73417721518987,0.17670849740571892
93.67088607594937,1.2658227848101267,0.20776520288719386
55.696202531645575,30.37974683544304,0.07473102534777068
1.2658227848101267,77.21518987341773,0.07038905033053068
89.87341772151899,8.860759493670887,0.24455011161497822
40.50632911392405,21.518987341772153,0.09038240086299404
27.848101265822788,39.24050632911393,1.1341187742704586
87.34177215189874,27.848101265822788,0.2378987882274411
25.31645569620253,32.911392405063296,0.8848662450902218
77.21518987341773,86.07594936708861,0.2191788105587339
81.0126582278481,83.54430379746836,0.2468714425506805
75.9493670886076,59.493670886075954,0.7791475886009908
41.77215189873418,35.44303797468355,0.6039913677908076
98.73417721518987,74.68354430379748,0.3127561740272553
69.62025316455697,84.81012658227849,0.16906445877012177
58.22784810126583,86.07594936708861,0.1512619843389158
22.78481012658228,24.050632911392405,0.26593172184969116
39.24050632911393,44.30379746835443,1.205524468212282
63.29113924050633,15.18987341772152,0.06931358595874182
58.22784810126583,6.329113924050633,0.1088489441859676
62.025316455696206,0.0,0.0457754243899916
43.037974683544306,27.848101265822788,0.12997333159401883
34.17721518987342,25.31645569620253,0.1960093361771028
2.5316455696202533,11.39240506329114,0.039712237766303365
65.82278481012659,10.126582278481013,0.10330056007233053
6.329113924050633,51.898734177215196,0.05657279065016102
2.5316455696202533,43.037974683544306,0.25335423585300315
67.08860759493672,53.16455696202532,0.9540359857531534
88.60759493670886,12.658227848101266,0.16941731106344488
7.59493670886076,20.253164556962027,0.13275544460821154
43.037974683544306,34.17721518987342,0.4674727647628512
53.16455696202532,34.17721518987342,0.2665193262990724
100.0,69.62025316455697,0.2932698757778568
13.924050632911394,70.8860759493671,0.16205957186092682
70.8860759493671,1.2658227848101267,0.13383045354681583
79.74683544303798,29.113924050632914,0.1796164698373233
64.55696202531647,40.50632911392405,0.2695270566596762
58.22784810126583,58.22784810126583,0.6448576397225341
26.58227848101266,37.9746835443038,1.1158814007596793
45.56962025316456,31.645569620253166,0.25999760523679105
24.050632911392405,81.0126582278481,0.15558066808710455
41.77215189873418,49.36708860759494,0.9845825364532647
13.924050632911394,1.2658227848101267,0.08617114240123265
48.10126582278481,70.8860759493671,0.13233695360384404
12.658227848101266,92.40506329113924,0.13624015021072644
5.063291139240507,11.39240506329114,0.08168757820070474
96.20253164556962,94.9367088607595,0.23788974571807772
39.24050632911393,7.59493670886076,0.08014044844105417
97.46835443037975,43.037974683544306,0.2452431788731312
75.9493670886076,46.835443037974684,0.3379596744522833
10.126582278481013,30.37974683544304,0.6992298223414252
100.0,41.77215189873418,0.24100044698958117
34.17721518987342,30.37974683544304,0.3505044639533113
1.2658227848101267,67.08860759493672,0.04878313884565384
24.050632911392405,93.67088607594937,0.13985276533545435
43.037974683544306,56.9620253164557,0.3501851526546629
3.79746835443038,65.82278481012659,0.03765485468931759
17.721518987341774,6.329113924050633,0.07780110107815734
41.77215189873418,89.87341772151899,0.14829892723421334
68.35443037974684,8.860759493670887,0.08306903959565312
67.08860759493672,77.21518987341773,0.19186987722936624
79.74683544303798,79.74683544303798,0.3068509163370088
70.8860759493671,77.21518987341773,0.13513414738075116
69.62025316455697,53.16455696202532,0.8798399659754765
40.50632911392405,81.0126582278481,0.09584479942128842
81.0126582278481,15.18987341772152,0.15307806187110673
88.60759493670886,93.67088607594937,0.2351621480727278
27.848101265822788,62.025316455696206,0.09480997811953842
74.68354430379748,58.22784810126583,0.8007948939284713
15.18987341772152,78.48101265822785,0.1542757958298261
100.0,12.658227848101266,0.25497282684539285
87.34177215189874,35.44303797468355,0.2290434461056261
20.253164556962027,3.79746835443038,0.07005818218255816
40.50632911392405,62.025316455696206,0.16694637579814708
46.835443037974684,70.8860759493671,0.10759143288435148
53.16455696202532,53.16455696202532,0.9845633109556364
50.63291139240506,44.30379746835443,0.9376945986177863
11.39240506329114,65.82278481012659,0.14392091013493935
25.31645569620253,43.037974683544306,0.9386652224926181
88.60759493670886,48.10126582278481,0.24366367279011236
40.50632911392405,46.835443037974684,1.0392162875596054
98.73417721518987,34.17721518987342,0.32194237239490425
88.60759493670886,89.87341772151899,0.23221730781600936
72.15189873417722,32.911392405063296,0.14872580538829258
31.645569620253166,92.40506329113924,0.08272117049307898
24.050632911392405,73.41772151898735,0.13174978743080218
32.911392405063296,89.87341772151899,0.14972737717021184
50.63291139240506,56.9620253164557,0.566499756507822
60.75949367088608,54.43037974683545,1.0099339515628614
39.24050632911393,20.253164556962027,0.13332926352864627
89.87341772151899,88.60759493670886,0.2790807742581696
73.41772151898735,86.07594936708861,0.1560578690871332
5.063291139240507,7.59493670886076,0.0623599572043633
22.78481012658228,55.696202531645575,0.1926015252453685
22.78481012658228,64.55696202531647,0.06622735368020916
98.73417721518987,2.5316455696202533,0.2663560837580124
7.59493670886076,68.35443037974684,0.06694879287326384
79.74683544303798,88.60759493670886,0.24055556793884886
75.9493670886076,10.126582278481013,0.15159917224708527
17.721518987341774,93.67088607594937,0.11105822381191445
15.18987341772152,32.911392405063296,0.8346098873400085
78.48101265822785,98.73417721518987,0.24114713615337874
25.31645569620253,40.50632911392405,1.067623377749166
75.9493670886076,30.37974683544304,0.12296237596091747
48.10126582278481,22.78481012658228,0.09861187540024659
22.78481012658228,96.20253164556962,0.06757657920926063
51.898734177215196,6.329113924050633,0.029660902270669646
88.60759493670886,69.62025316455697,0.3815479284404956
98.73417721518987,93.67088607594937,0.35060082973808626
92.40506329113924,48.10126582278481,0.2420018722940067
49.36708860759494,82.27848101265823,0.10767728888872478
93.67088607594937,37.9746835443038,0.26325747690498424
20.253164556962027,45.56962025316456,0.6075008167043513
72.15189873417722,46.835443037974684,0.42426515572553136
2.5316455696202533,26.58227848101266,0.37429632164040716
83.54430379746836,13.924050632911394,0.13355934843254086
48.10126582278481,45.56962025316456,1.1047270495433208
1.2658227848101267,51.898734177215196,-0.016948045135525912
83.54430379746836,31.645569620253166,0.18145482493810863
94.9367088607595,92.40506329113924,0.24032060145947431
84.81012658227849,15.18987341772152,0.18220287310541688
37.9746835443038,87.34177215189874,0.06144306168060456
45.56962025316456,56.9620253164557,0.4530191077528436
11.39240506329114,6.329113924050633,0.08597373741667663
30.37974683544304,89.87341772151899,0.1363371569243799
0.0,70.8860759493671,0.05995366377842004
70.8860759493671,22.78481012658228,0.1310639644906664
29.113924050632914,26.58227848101266,0.2690542369323736
5.063291139240507,36.708860759493675,0.5399999324716497
79.74683544303798,83.54430379746836,0.21693611615498398
72.15189873417722,43.037974683544306,0.29167923065977597
20.253164556962027,51.898734177215196,0.2771974735804244
34.17721518987342,68.35443037974684,0.0783358638664871
50.63291139240506,87.34177215189874,0.09032063754885389
67.08860759493672,55.696202531645575,0.9732883730898807
44.30379746835443,63.29113924050633,0.12311275326231758
65.82278481012659,82.27848101265823,0.14626084247994559
31.645569620253166,89.87341772151899,0.18903825874458047
5.063291139240507,86.07594936708861,0.07435943695950772
88.60759493670886,49.36708860759494,0.33514792132119064
73.41772151898735,77.21518987341773,0.1430266662878732
22.78481012658228,0.0,0.1026142603842206
93.67088607594937,20.253164556962027,0.2476581981230216
15.18987341772152,84.81012658227849,0.17779142933678851
65.82278481012659,88.60759493670886,0.1818694675300574
55.696202531645575,24.050632911392405,0.029497332802430387
92.40506329113924,51.898734177215196,0.31772837853562
11.39240506329114,86.07594936708861,0.11034729007056246
53.16455696202532,83.54430379746836,0.06165913744637983
46.835443037974684,73.41772151898735,0.12313136394999011
56.9620253164557,94.9367088607595,0.06968482354204457
60.75949367088608,45.56962025316456,0.6976110193489542
55.696202531645575,84.81012658227849,0.12931386238579878
50.63291139240506,32.911392405063296,0.20842656537007453
64.55696202531647,69.62025316455697,0.16921155766140494
11.39240506329114,43.037974683544306,0.4549700737140265
3.79746835443038,92.40506329113924,0.0393355803699221
21.518987341772153,77.21518987341773,0.1507436964201859
3.79746835443038,1.2658227848101267,-0.0015011817456656723
30.37974683544304,50.63291139240506,0.6307050313153277
6.329113924050633,49.36708860759494,0.1175378192797292
60.75949367088608,7.59493670886076,0.022765023068461697
97.46835443037975,22.78481012658228,0.254705216324724
17.721518987341774,83.54430379746836,0.13354097677643445
64.55696202531647,27.848101265822788,0.08096044275547837
36.708860759493675,36.708860759493675,0.9214577087769629
67.08860759493672,93.67088607594937,0.20963673688649884
86.07594936708861,10.126582278481013,0.1766132733306492
0.0,87.34177215189874,0.1007805062621584
67.08860759493672,82.27848101265823,0.19408301955385948
46.835443037974684,92.40506329113924,0.1312732559324896
58.22784810126583,51.898734177215196,1.075953420668082
3.79746835443038,70.8860759493671,0.05627665179626203
40.50632911392405,45.56962025316456,1.1285016727363
39.24050632911393,30.37974683544304,0.3039862642196129
25.31645569620253,25.31645569620253,0.252384502775887
30.37974683544304,34.17721518987342,0.8419445700644539
51.898734177215196,0.0,0.05814154678764308
6.329113924050633,64.55696202531647,0.08313437548756007
53.16455696202532,98.73417721518987,0.1023283822045791
56.9620253164557,62.025316455696206,0.3305187886243064
56.9620253164557,82.27848101265823,0.15480710786827495
74.68354430379748,20.253164556962027,0.152111885465643
34.17721518987342,27.848101265822788,0.3031724526199784
97.46835443037975,67.08860759493672,0.35324592119910153
29.113924050632914,63.29113924050633,0.18711660460891477
13.924050632911394,6.329113924050633,0.08695368077281142
5.063291139240507,94.9367088607595,0.05207297242068874
37.9746835443038,35.44303797468355,0.7408557934437099
78.48101265822785,83.54430379746836,0.20532844400146788
69.62025316455697,2.5316455696202533,0.11649031618974579
55.696202531645575,26.58227848101266,0.08575306636924332
51.898734177215196,18.9873417721519,0.0474858708104227
69.62025316455697,58.22784810126583,0.8273692764500529
53.16455696202532,20.253164556962027,0.059974574889027105
67.08860759493672,50.63291139240506,0.824094146665871
87.34177215189874,30.37974683544304,0.22051216915285007
100.0,65.82278481012659,0.4450250294634379
49.36708860759494,54.43037974683545,0.7282802670539604
67.08860759493672,62.025316455696206,0.5337458907462671
20.253164556962027,26.58227848101266,0.3700863452407021
27.848101265822788,20.253164556962027,0.12373939478171989
63.29113924050633,86.07594936708861,0.1538647199512881
40.50632911392405,98.73417721518987,0.1843869296821241
48.10126582278481,72.15189873417722,0.06818269196435203
45.56962025316456,93.67088607594937,0.10107452354909385
62.025316455696206,11.39240506329114,0.10908164185716278
74.68354430379748,72.15189873417722,0.21164557095148817
98.73417721518987,30.37974683544304,0.18800109483278082
73.41772151898735,29.113924050632914,0.19747250476248096
96.20253164556962,6.329113924050633,0.2141873515824947
86.07594936708861,2.5316455696202533,0.22220096813295334
64.55696202531647,55.696202531645575,0.9671088626033104
11.39240506329114,49.36708860759494,0.18585225496087238
75.9493670886076,49.36708860759494,0.4857198085715423
87.34177215189874,39.24050632911393,0.23476043431615126
49.36708860759494,62.025316455696206,0.20717597718887895
68.35443037974684,21.518987341772153,0.10464839017985741
68.35443037974684,100.0,0.15959624468808226
84.81012658227849,18.9873417721519,0.18625507817559114
74.68354430379748,56.9620253164557,0.808929543600069
62.025316455696206,77.21518987341773,0.12747112550827674
59.493670886075954,87.34177215189874,0.08981086042202363
34.17721518987342,31.645569620253166,0.48875692732046533
12.658227848101266,65.82278481012659,0.09721563864471529
31.645569620253166,50.63291139240506,0.5870500810339897
55.696202531645575,25.31645569620253,0.11163441032423782
31.645569620253166,63.29113924050633,0.15391070671156992
32.911392405063296,44.30379746835443,1.1268163158088011
17.721518987341774,53.16455696202532,0.2334296901534919
35.44303797468355,20.253164556962027,0.11297762981788266
32.911392405063296,50.63291139240506,0.6205904539831646
81.0126582278481,5.063291139240507,0.14665687531363794
92.40506329113924,31.645569620253166,0.21195380965004265
72.15189873417722,79.74683544303798,0.21249983356172228
86.07594936708861,98.73417721518987,0.24390635954721981
0.0,32.911392405063296,0.4506253282269918
15.18987341772152,41.77215189873418,0.767667088471224
79.74683544303798,64.55696202531647,0.4794205763213075
44.30379746835443,59.493670886075954,0.26667906743418085
72.15189873417722,56.9620253164557,0.9165055210040454
84.81012658227849,72.15189873417722,0.2758428026939202
96.20253164556962,91.13924050632912,0.2872840162231108
29.113924050632914,34.17721518987342,0.8495877146753169
65.82278481012659,73.41772151898735,0.12931106295797098
94.9367088607595,78.48101265822785,0.2988493608132667
41.77215189873418,60.75949367088608,0.17115901271648204
16.455696202531648,97.46835443037975,0.11893011509330179
48.10126582278481,92.40506329113924,0.06321195424797571
39.24050632911393,78.48101265822785,0.11193815826134323
12.658227848101266,1.2658227848101267,0.04836769186822353
36.708860759493675,43.037974683544306,1.2344205518960554
86.07594936708861,70.8860759493671,0.2946403112496538
96.20253164556962,98.73417721518987,0.3249380875671487
77.21518987341773,39.24050632911393,0.18383014885064394
73.41772151898735,34.17721518987342,0.1468247801893354
56.9620253164557,78.48101265822785,0.14304502557945983
40.50632911392405,15.18987341772152,0.06810909756101895
86.07594936708861,77.21518987341773,0.27893853162499355
2.5316455696202533,64.55696202531647,0.06798800112831274
56.9620253164557,79.74683544303798,0.0836025825494114
21.518987341772153,92.40506329113924,0.16554606231558786
1.2658227848101267,7.59493670886076,0.02334890152550146
93.67088607594937,55.696202531645575,0.3190636473019578
21.518987341772153,46.835443037974684,0.5627753485304131
22.78481012658228,65.82278481012659,0.1745277874090909
25.31645569620253,91.13924050632912,0.1792906048996079
54.43037974683545,41.77215189873418,0.6739055112732532
60.75949367088608,83.54430379746836,0.08443119347294295
44.30379746835443,97.46835443037975,0.11068772898771968
69.62025316455697,77.21518987341773,0.14310141099107124
75.9493670886076,92.40506329113924,0.1779090125441184
34.17721518987342,83.54430379746836,0.11955397346797121
41.77215189873418,64.55696202531647,0.09097376628073936
56.9620253164557,35.44303797468355,0.2682695523957666
60.75949367088608,58.22784810126583,0.7315419581340313
73.41772151898735,54.43037974683545,0.8310687718323856
25.31645569620253,64.55696202531647,0.16652521961881964
39.24050632911393,31.645569620253166,0.4082480228999656
62.025316455696206,37.9746835443038,0.22732169269849828
87.34177215189874,79.74683544303798,0.22528895353328376
82.27848101265823,55.696202531645575,0.5436576858901168
75.9493670886076,77.21518987341773,0.1715110058555032
30.37974683544304,59.493670886075954,0.10710152715081842
63.29113924050633,64.55696202531647,0.30646259525567215
100.0,7.59493670886076,0.25555711076530296
70.8860759493671,40.50632911392405,0.24672328114521566
26.58227848101266,29.113924050632914,0.49766361258820296
24.050632911392405,78.48101265822785,0.13711180540136975
40.50632911392405,6.329113924050633,0.0721582332821216
79.74683544303798,94.9367088607595,0.22329112969064166
100.0,16.455696202531648,0.21316569960491705
56.9620253164557,73.41772151898735,0.11432522199244641
39.24050632911393,34.17721518987342,0.5441381050096287
27.848101265822788,55.696202531645575,0.1960415358488471
87.34177215189874,74.68354430379748,0.2747293277552418
36.708860759493675,73.41772151898735,0.06382411556040621
32.911392405063296,97.46835443037975,0.15087646730215762
36.708860759493675,67.08860759493672,0.13160260326398276
96.20253164556962,41.77215189873418,0.27584776775330394
22.78481012658228,100.0,0.20470183936861847
41.77215189873418,8.860759493670887,0.028503700010643375
70.8860759493671,31.645569620253166,0.1492107839228277
15.18987341772152,91.13924050632912,0.14815272521894615
60.75949367088608,15.18987341772152,0.09731033671553357
50.63291139240506,40.50632911392405,0.7243205047160748
46.835443037974684,32.911392405063296,0.29363940889220735
15.18987341772152,46.835443037974684,0.36397226427458257
59.493670886075954,35.44303797468355,0.18275117553023087
70.8860759493671,50.63291139240506,0.701393088707446
50.63291139240506,12.658227848101266,0.05024135532013396
68.35443037974684,77.21518987341773,0.15903758247824265
56.9620253164557,0.0,0.06949151207589534
96.20253164556962,53.16455696202532,0.31854505604416483
20.253164556962027,87.34177215189874,0.1349621434707815
25.31645569620253,89.87341772151899,0.134238501073437
91.13924050632912,16.455696202531648,0.22420742930609708
45.56962025316456,1.2658227848101267,0.07635733091799517
22.78481012658228,30.37974683544304,0.6716360819756373
1.2658227848101267,18.9873417721519,0.04670464898157106
60.75949367088608,13.924050632911394,0.09966456329050646
78.48101265822785,48.10126582278481,0.3537122831231683
92.40506329113924,24.050632911392405,0.25327850895786036
60.75949367088608,44.30379746835443,0.5734623510700679
58.22784810126583,74.68354430379748,0.13299264555934787
64.55696202531647,97.46835443037975,0.18452204687073437
91.13924050632912,60.75949367088608,0.4630087690035631
79.74683544303798,35.44303797468355,0.180223908503662
53.16455696202532,82.27848101265823,0.08099083151030466
30.37974683544304,100.0,0.1423653759740553
16.455696202531648,5.063291139240507,0.1055491791755941
51.898734177215196,67.08860759493672,0.12712608700410025
11.39240506329114,51.898734177215196,0.14969268291545385
18.9873417721519,43.037974683544306,0.7569973118233685
26.58227848101266,32.911392405063296,0.8075114430137647
74.68354430379748,30.37974683544304,0.12632786890027578
88.60759493670886,59.493670886075954,0.5526734003479224
18.9873417721519,54.43037974683545,0.13592955320766953
59.493670886075954,83.54430379746836,0.11393593732443277
10.126582278481013,98.73417721518987,0.14348965616203124
24.050632911392405,41.77215189873418,1.06164990972073
40.50632911392405,63.29113924050633,0.11256065806878898
82.27848101265823,72.15189873417722,0.28756349496234973
62.025316455696206,74.68354430379748,0.11954564735766868
67.08860759493672,49.36708860759494,0.7852332563313903
73.41772151898735,11.39240506329114,0.08039352214618031
5.063291139240507,3.79746835443038,0.08669107442863061
83.54430379746836,25.31645569620253,0.18822998244095956
81.0126582278481,86.07594936708861,0.2101976273564073
35.44303797468355,26.58227848101266,0.2224425329814876
39.24050632911393,51.898734177215196,0.6242839422056096
94.9367088607595,97.46835443037975,0.34577798907005325
55.696202531645575,2.5316455696202533,0.024489843637096387
45.56962025316456,48.10126582278481,1.1709240456050096
63.29113924050633,100.0,0.15994016476277528
37.9746835443038,21.518987341772153,0.1043511688249906
83.54430379746836,6.329113924050633,0.20070250282412436
50.63291139240506,41.77215189873418,0.7630437176924608
60.75949367088608,72.15189873417722,0.11224297129144192
87.34177215189874,91.13924050632912,0.3021685192407791
36.708860759493675,92.40506329113924,0.22331956402615155
54.43037974683545,24.050632911392405,0.09285435075588787
3.79746835443038,53.16455696202532,0.05437000530020107
12.658227848101266,2.5316455696202533,0.057710961650026954
3.79746835443038,35.44303797468355,0.5539165008892145
91.13924050632912,86.07594936708861,0.30002105373804044
51.898734177215196,34.17721518987342,0.2547921818247152
82.27848101265823,64.55696202531647,0.5284176224003139
43.037974683544306,97.46835443037975,0.11278870315706277
36.708860759493675,29.113924050632914,0.3613970217825847
56.9620253164557,50.63291139240506,1.0722308943998442
27.848101265822788,6.329113924050633,0.07155395170517605
17.721518987341774,20.253164556962027,0.16445583104135394
7.59493670886076,5.063291139240507,0.04331666610054325
29.113924050632914,18.9873417721519,0.13938830641625458
67.08860759493672,7.59493670886076,0.11387813617236862
5.063291139240507,25.31645569620253,0.3421820592052464
20.253164556962027,22.78481012658228,0.24900612255989224
11.39240506329114,34.17721518987342,0.8443762455735018
32.911392405063296,55.696202531645575,0.27849713340888405
63.29113924050633,16.455696202531648,0.05345782652247834
26.58227848101266,58.22784810126583,0.1070177484907876
24.050632911392405,21.518987341772153,0.18162302896092253
56.9620253164557,89.87341772151899,0.09900910039007121
10.126582278481013,94.9367088607595,0.16520832915864211
73.41772151898735,17.721518987341774,0.19433300519492727
11.39240506329114,94.9367088607595,0.09599192496946524
55.696202531645575,54.43037974683545,0.9640447152933185
25.31645569620253,6.329113924050633,0.135548277783875
3.79746835443038,100.0,0.03838399162866552
6.329113924050633,12.658227848101266,0.0631200168832539
69.62025316455697,64.55696202531647,0.4549594928903626
7.59493670886076,70.8860759493671,-0.007799512788806445
1.2658227848101267,94.9367088607595,-0.004309244839601996
29.113924050632914,67.08860759493672,0.11328818914455563
74.68354430379748,46.835443037974684,0.408399560440423
16.455696202531648,84.81012658227849,0.09791089473203132
94.9367088607595,56.9620253164557,0.34866783645043153
48.10126582278481,73.41772151898735,0.06681141530132972
84.81012658227849,11.39240506329114,0.19165012735596787
72.15189873417722,16.455696202531648,0.138301280306899
81.0126582278481,44.30379746835443,0.25548533849954513
1.2658227848101267,84.81012658227849,0.016059801955430386
8.860759493670887,64.55696202531647,0.05667989866872178
98.73417721518987,6.329113924050633,0.201516801096562
87.34177215189874,46.835443037974684,0.2515132556695063
3.79746835443038,86.07594936708861,0.097295251500706
97.46835443037975,3.79746835443038,0.24351145342298008
77.21518987341773,100.0,0.24155293193563432
40.50632911392405,20.253164556962027,0.06858371862120197
62.025316455696206,34.17721518987342,0.10277591777825887
32.911392405063296,3.79746835443038,0.06644999968757481
20.253164556962027,37.9746835443038,1.0312574382811734
72.15189873417722,73.41772151898735,0.14174416767911754
26.58227848101266,75.9493670886076,0.13619221332436804
77.21518987341773,58.22784810126583,0.8019538234362188
13.924050632911394,77.21518987341773,0.07401777502662028
91.13924050632912,53.16455696202532,0.32636915053047627
77.21518987341773,3.79746835443038,0.1964553333640335
55.696202531645575,31.645569620253166,0.13565163042469564
0.0,20.253164556962027,0.12714778069034882
46.835443037974684,11.39240506329114,0.10415157333301986
91.13924050632912,5.063291139240507,0.2168289596842744
44.30379746835443,26.58227848101266,0.11422370381776971
5.063291139240507,70.8860759493671,0.08547872729538972
97.46835443037975,20.253164556962027,0.15742359047832608
29.113924050632914,75.9493670886076,0.13723857443307813
5.063291139240507,29.113924050632914,0.530908368431536
41.77215189873418,91.13924050632912,0.11595281272043698
35.44303797468355,40.50632911392405,1.1299243809387114
34.17721518987342,51.898734177215196,0.5220737393179616
41.77215189873418,45.56962025316456,1.205529132290564
77.21518987341773,10.126582278481013,0.15841424684410205
1.2658227848101267,74.68354430379748,0.06641714978134738
83.54430379746836,78.48101265822785,0.26580134722871984
79.74683544303798,96.20253164556962,0.24806865124555016
94.9367088607595,98.73417721518987,0.28045578205578015
6.329113924050633,69.62025316455697,0.05760114897432658
55.696202531645575,64.55696202531647,0.236485498269128
48.10126582278481,8.860759493670887,0.07028542111254078
82.27848101265823,39.24050632911393,0.21383892123971113
7.59493670886076,25.31645569620253,0.35924116061375927
54.43037974683545,78.48101265822785,0.09313622433479697
1.2658227848101267,93.67088607594937,0.05944848476685229
29.113924050632914,36.708860759493675,1.024795273777322
7.59493670886076,87.34177215189874,0.08736092662543041
89.87341772151899,58.22784810126583,0.5322711746466917
39.24050632911393,73.41772151898735,0.11817031821750543
7.59493670886076,34.17721518987342,0.6528950108215035
84.81012658227849,45.56962025316456,0.2264378536412555
62.025316455696206,60.75949367088608,0.5141125229038258
27.848101265822788,60.75949367088608,0.11667820558453204
94.9367088607595,32.911392405063296,0.21898459612124138
83.54430379746836,88.60759493670886,0.18732815964044514
7.59493670886076,48.10126582278481,0.17281736687778715
50.63291139240506,24.050632911392405,0.031070191571801478
70.8860759493671,88.60759493670886,0.18145045105166288
8.860759493670887,24.050632911392405,0.32106830128241987
13.924050632911394,91.13924050632912,0.15661529985198
10.126582278481013,15.18987341772152,0.05731155138690309
82.27848101265823,79.74683544303798,0.23836383791706026
58.22784810126583,94.9367088607595,0.13957213230929194
12.658227848101266,49.36708860759494,0.22477200794942645
5.063291139240507,82.27848101265823,0.0859412842634433
62.025316455696206,41.77215189873418,0.4364896285734873
16.455696202531648,96.20253164556962,0.09930055524215836
29.113924050632914,79.74683544303798,0.1662967789631202
59.493670886075954,53.16455696202532,1.0399880609527565
20.253164556962027,0.0,0.04841408624973194
98.73417721518987,29.113924050632914,0.23602497589093432
25.31645569620253,18.9873417721519,0.12918255784568902
50.63291139240506,97.46835443037975,0.1253925011175318
62.025316455696206,65.82278481012659,0.24115741576460775
77.21518987341773,22.78481012658228,0.16352050928328138
46.835443037974684,94.9367088607595,0.07546754595372929
22.78481012658228,93.67088607594937,0.17627673290345103
12.658227848101266,94.9367088607595,0.12839159093618738
8.860759493670887,59.493670886075954,0.168526135377414
11.39240506329114,25.31645569620253,0.40828551660977186
8.860759493670887,77.21518987341773,0.06125459517083057
96.20253164556962,22.78481012658228,0.25587588465652117
12.658227848101266,40.50632911392405,0.6619744005465471
59.493670886075954,40.50632911392405,0.39865407848837303
98.73417721518987,68.35443037974684,0.3705965895029047
88.60759493670886,17.721518987341774,0.27014009303303427
37.9746835443038,46.835443037974684,1.0715801942135545
55.696202531645575,92.40506329113924,0.16668171420011932
13.924050632911394,25.31645569620253,0.33002366965508123
53.16455696202532,36.708860759493675,0.32171045532283354
64.55696202531647,7.59493670886076,0.09534596817952498
83.54430379746836,48.10126582278481,0.28499014884213597
21.518987341772153,43.037974683544306,0.8864552534210403
32.911392405063296,67.08860759493672,0.09579463080596728
56.9620253164557,70.8860759493671,0.1138831834154819
45.56962025316456,25.31645569620253,0.08171638468970625
56.9620253164557,84.81012658227849,0.13129414781345597
62.025316455696206,83.54430379746836,0.13665027527292609
98.73417721518987,67.08860759493672,0.32753228994945494
12.658227848101266,62.025316455696206,0.11487926759835553
8.860759493670887,13.924050632911394,0.05016037454788472
11.39240506329114,8.860759493670887,0.056697789028410155
68.35443037974684,31.645569620253166,0.10708067558455095
72.15189873417722,63.29113924050633,0.5414709818089564
83.54430379746836,22.78481012658228,0.1337340247707276
1.2658227848101267,35.44303797468355,0.5005989935571923
0.0,82.27848101265823,0.001400266196440049
88.60759493670886,27.848101265822788,0.2064680269358917
64.55696202531647,35.44303797468355,0.15518499372158887
43.037974683544306,64.55696202531647,0.16051378945635225
67.08860759493672,70.8860759493671,0.14439240671750359
32.911392405063296,91.13924050632912,0.12575092188133294
34.17721518987342,67.08860759493672,0.052822914149563985
78.48101265822785,36.708860759493675,0.1892174616064894
31.645569620253166,8.860759493670887,0.038331805083109
46.835443037974684,72.15189873417722,0.12130403577992219
75.9493670886076,24.050632911392405,0.23282701482350315
29.113924050632914,30.37974683544304,0.538811883040318
17.721518987341774,97.46835443037975,0.14585252048152444
35.44303797468355,18.9873417721519,0.013003742437746088
24.050632911392405,96.20253164556962,0.11371482700792074
92.40506329113924,21.518987341772153,0.17839792058816556
68.35443037974684,17.721518987341774,0.09121343806612478
67.08860759493672,58.22784810126583,0.832054839638402
73.41772151898735,51.898734177215196,0.7026958321944043
67.08860759493672,21.518987341772153,0.07648607406290309
27.848101265822788,67.08860759493672,0.12656094768385034
97.46835443037975,64.55696202531647,0.3897176135570897
21.518987341772153,69.62025316455697,0.06504302656948772
34.17721518987342,11.39240506329114,0.0827442746542805
16.455696202531648,64.55696202531647,0.09536112656618631
60.75949367088608,25.31645569620253,0.0887425328865628
44.30379746835443,30.37974683544304,0.2488325204442766
97.46835443037975,5.063291139240507,0.20310442841673354
1.2658227848101267,73.41772151898735,0.022215228572346896
49.36708860759494,83.54430379746836,0.1364511399986484
96.20253164556962,30.37974683544304,0.24959735603043334
75.9493670886076,64.55696202531647,0.5430527582657589
50.63291139240506,69.62025316455697,0.06780552179173799
7.59493670886076,53.16455696202532,0.08337211949957155
92.40506329113924,44.30379746835443,0.1844400134448798
26.58227848101266,48.10126582278481,0.7240960029905671
86.07594936708861,5.063291139240507,0.23935603797726931
32.911392405063296,87.34177215189874,0.14426213093280058
88.60759493670886,3.79746835443038,0.14672586788145892
11.39240506329114,70.8860759493671,0.11612452698694722
45.56962025316456,11.39240506329114,0.05312472707896434
72.15189873417722,70.8860759493671,0.17704353814491736
55.696202531645575,13.924050632911394,0.06446094976135673
20.253164556962027,70.8860759493671,0.10181258119043321
31.645569620253166,75.9493670886076,0.16519178267359325
20.253164556962027,48.10126582278481,0.48960012931490043
13.924050632911394,89.87341772151899,0.1412517419966287
24.050632911392405,48.10126582278481,0.6173949343401788
45.56962025316456,5.063291139240507,0.04322339979160334
75.9493670886076,22.78481012658228,0.19613940299157057
64.55696202531647,15.18987341772152,0.09291405578831076
51.898734177215196,65.82278481012659,0.05721000945015886
18.9873417721519,53.16455696202532,0.17786817336122002
58.22784810126583,30.37974683544304,0.12898035284362733
37.9746835443038,62.025316455696206,0.10603071673064351
78.48101265822785,16.455696202531648,0.14802474078617162
26.58227848101266,13.924050632911394,0.055238218995613264
26.58227848101266,40.50632911392405,1.098786638961227
89.87341772151899,3.79746835443038,0.22222095769370903
50.63291139240506,31.645569620253166,0.19840703036626636
22.78481012658228,54.43037974683545,0.23619282752283133
16.455696202531648,74.68354430379748,0.12178759591168177
24.050632911392405,74.68354430379748,0.09255945979232208
18.9873417721519,70.8860759493671,0.13753762873756234
54.43037974683545,27.848101265822788,0.09526525101152951
13.924050632911394,65.82278481012659,0.0970641593003356
7.59493670886076,32.911392405063296,0.7769240779909085
1.2658227848101267,50.63291139240506,0.08083819473850239
62.025316455696206,87.34177215189874,0.12498482399868226
34.17721518987342,29.113924050632914,0.3218246404184442
83.54430379746836,73.41772151898735,0.22282854744974612
30.37974683544304,45.56962025316456,0.9150487181160402
27.848101265822788,43.037974683544306,1.072726865765389
25.31645569620253,27.848101265822788,0.44740443947679376
92.40506329113924,84.81012658227849,0.2562513663820394
3.79746835443038,77.21518987341773,0.05209377758268728
16.455696202531648,16.455696202531648,0.1523435650479969
69.62025316455697,10.126582278481013,0.12164369272541532
5.063291139240507,31.645569620253166,0.636236499706033
40.50632911392405,0.0,0.047817518066142706
93.67088607594937,22.78481012658228,0.2533441314960616
50.63291139240506,63.29113924050633,0.16292460230789044
87.34177215189874,55.696202531645575,0.4690599583519806
6.329113924050633,41.77215189873418,0.3805196582803477
20.253164556962027,91.13924050632912,0.16374949806413563
39.24050632911393,2.5316455696202533,0.07924358066158665
44.30379746835443,27.848101265822788,0.09425487613029584
13.924050632911394,46.835443037974684,0.329416471599467
1.2658227848101267,30.37974683544304,0.4662636295147523
74.68354430379748,3.79746835443038,0.1280702081203675
41.77215189873418,3.79746835443038,0.08949684914862144
93.67088607594937,73.41772151898735,0.33717232899723965
79.74683544303798,51.898734177215196,0.47884080454318056
88.60759493670886,10.126582278481013,0.19728333844773963
98.73417721518987,82.27848101265823,0.27048030240771886
15.18987341772152,69.62025316455697,0.0942971623045088
98.73417721518987,1.2658227848101267,0.20406867036294474
59.493670886075954,8.860759493670887,0.11503831891161517
75.9493670886076,96.20253164556962,0.2471572560581285
37.9746835443038,27.848101265822788,0.25122775280928167
39.24050632911393,6.329113924050633,0.06301593020873512
41.77215189873418,82.27848101265823,0.10486872672701833
45.56962025316456,92.40506329113924,0.08208424641178305
39.24050632911393,54.43037974683545,0.4316420252700537
51.898734177215196,100.0,0.11515327709210384
34.17721518987342,64.55696202531647,0.11352461185189835
94.9367088607595,75.9493670886076,0.35033278573896454
40.50632911392405,39.24050632911393,0.9585064608302993
10.126582278481013,68.35443037974684,0.09392704771145907
21.518987341772153,54.43037974683545,0.18828690876079798
75.9493670886076,41.77215189873418,0.27941488309443147
10.126582278481013,75.9493670886076,0.09477971359727821
2.5316455696202533,68.35443037974684,0.03356612970320834
30.37974683544304,32.911392405063296,0.6680966683809507
5.063291139240507,46.835443037974684,0.16929128109336009
22.78481012658228,36.708860759493675,1.0756102582809537
1.2658227848101267,72.15189873417722,0.030275835140002916
5.063291139240507,39.24050632911393,0.5011145663584542
81.0126582278481,64.55696202531647,0.49614083141417104
87.34177215189874,36.708860759493675,0.23234483575644063
7.59493670886076,84.81012658227849,0.04432292552960618
69.62025316455697,94.9367088607595,0.16368488073755966
88.60759493670886,29.113924050632914,0.24235775125209602
98.73417721518987,45.56962025316456,0.23998951252715045
60.75949367088608,35.44303797468355,0.1566969126263322
62.025316455696206,46.835443037974684,0.7828739486231344
79.74683544303798,65.82278481012659,0.43520914661500415
45.56962025316456,75.9493670886076,0.04820873674749303
48.10126582278481,41.77215189873418,0.8964197951255996
67.08860759493672,36.708860759493675,0.15063817941856256
49.36708860759494,31.645569620253166,0.22107311879144165
51.898734177215196,36.708860759493675,0.39944593515799476
70.8860759493671,24.050632911392405,0.14267990293750055
55.696202531645575,15.18987341772152,0.06843469170777533
46.835443037974684,16.455696202531648,0.10888837019356556
62.025316455696206,8.860759493670887,0.0658127686765364
67.08860759493672,41.77215189873418,0.30560924198942074
50.63291139240506,45.56962025316456,1.0645457082013237
60.75949367088608,39.24050632911393,0.33816631098730254
21.518987341772153,12.658227848101266,0.07365926141132065
18.9873417721519,8.860759493670887,0.1011385763254555
73.41772151898735,1.2658227848101267,0.12804760813833188
41.77215189873418,17.721518987341774,0.07775875541624114
24.050632911392405,11.39240506329114,0.06444160367948441
100.0,6.329113924050633,0.21243050710816802
1.2658227848101267,53.16455696202532,0.047761661744333016
6.329113924050633,16.455696202531648,0.07763066317974858
49.36708860759494,91.13924050632912,0.13991128825001628
75.9493670886076,1.2658227848101267,0.14132707140039386
70.8860759493671,49.36708860759494,0.6095291975584339
15.18987341772152,29.113924050632914,0.5909045378511211
49.36708860759494,32.911392405063296,0.22092498948172137
98.73417721518987,69.62025316455697,0.36012715210948104
92.40506329113924,35.44303797468355,0.25600844100464826
96.20253164556962,27.848101265822788,0.23068284561416386
79.74683544303798,15.18987341772152,0.19433911570037646
16.455696202531648,78.48101265822785,0.10324035502855618
56.9620253164557,69.62025316455697,0.0789180089294515
53.16455696202532,5.063291139240507,0.0671146507061767
26.58227848101266,78.48101265822785,0.1595800264921792
41.77215189873418,1.2658227848101267,0.10747193057182741
93.67088607594937,21.518987341772153,0.19080751215383662
50.63291139240506,74.68354430379748,0.10149502316093394
25.31645569620253,2.5316455696202533,0.08525298109378454
41.77215189873418,30.37974683544304,0.2579623316976456
46.835443037974684,12.658227848101266,0.07796853281754015
98.73417721518987,3.79746835443038,0.25329796988965164
10.126582278481013,89.87341772151899,0.10478791923184257
67.08860759493672,51.898734177215196,0.8912436652292127
77.21518987341773,77.21518987341773,0.23568404024695805
77.21518987341773,68.35443037974684,0.32099561284840716
100.0,24.050632911392405,0.24086104017046728
45.56962025316456,97.46835443037975,0.13465289621831722
0.0,5.063291139240507,-0.0020191124379174527
10.126582278481013,64.55696202531647,0.09075590028594635
84.81012658227849,58.22784810126583,0.5903650364404083
20.253164556962027,25.31645569620253,0.3233024985915539
59.493670886075954,7.59493670886076,0.08280242301716059
37.9746835443038,51.898734177215196,0.6076552962046429
0.0,72.15189873417722,0.08694217336028436
82.27848101265823,82.27848101265823,0.21182096244457213
72.15189873417722,34.17721518987342,0.13440416221830118
43.037974683544306,22.78481012658228,0.04758339761639461
11.39240506329114,30.37974683544304,0.6969208330558816
46.835443037974684,54.43037974683545,0.6888050300696583
2.5316455696202533,37.9746835443038,0.43407819758928406
91.13924050632912,43.037974683544306,0.2224227684935599
2.5316455696202533,22.78481012658228,0.2291926216741472
74.68354430379748,62.025316455696206,0.6380707031665698
79.74683544303798,98.73417721518987,0.19162902992201597
31.645569620253166,22.78481012658228,0.14406659946258385
73.41772151898735,43.037974683544306,0.2652329784081199
64.55696202531647,54.43037974683545,1.0171593220503894
43.037974683544306,10.126582278481013,0.11985560407342563
75.9493670886076,25.31645569620253,0.15036200027307894
40.50632911392405,82.27848101265823,0.12757649699716875
51.898734177215196,64.55696202531647,0.09890278512581091
51.898734177215196,63.29113924050633,0.21721614262515626
83.54430379746836,97.46835443037975,0.1941236876877991
91.13924050632912,6.329113924050633,0.23497987785274008
78.48101265822785,15.18987341772152,0.18925378385597763
63.29113924050633,55.696202531645575,0.9976923077683
20.253164556962027,32.911392405063296,0.8807681779429161
84.81012658227849,36.708860759493675,0.2613184042196435
100.0,0.0,0.20001791795555435
45.56962025316456,81.0126582278481,0.076414057538139
10.126582278481013,60.75949367088608,0.04953371188933069
1.2658227848101267,11.39240506329114,-0.010179230883321302
40.50632911392405,11.39240506329114,0.03833717627382077
74.68354430379748,17.721518987341774,0.1353390499603631
54.43037974683545,89.87341772151899,0.13975877216716373
48.10126582278481,7.59493670886076,0.06517423432038343
79.74683544303798,77.21518987341773,0.18745762021037576
21.518987341772153,88.60759493670886,0.12852950265774896
86.07594936708861,91.13924050632912,0.2771436618841718
78.48101265822785,87.34177215189874,0.2048448458495193
5.063291139240507,50.63291139240506,0.07286403174815213
40.50632911392405,30.37974683544304,0.3134586437603068
55.696202531645575,72.15189873417722,0.082289982274492
0.0,24.050632911392405,0.26460004303042234
100.0,2.5316455696202533,0.2015629288072719
24.050632911392405,91.13924050632912,0.182810912976336
86.07594936708861,55.696202531645575,0.44116824634662083
64.55696202531647,1.2658227848101267,0.04485855776690599
70.8860759493671,34.17721518987342,0.2295702018286146
10.126582278481013,53.16455696202532,0.10129265652564201
31.645569620253166,73.41772151898735,0.13413308676351732
37.9746835443038,0.0,0.08426723512057453
34.17721518987342,8.860759493670887,0.09907903565143465
89.87341772151899,26.58227848101266,0.23541814283928672
13.924050632911394,29.113924050632914,0.6047778833327156
84.81012658227849,93.67088607594937,0.27272191169604737
6.329113924050633,36.708860759493675,0.5641558989307957
11.39240506329114,18.9873417721519,0.16551166656468128
77.21518987341773,54.43037974683545,0.758656317613079
37.9746835443038,20.253164556962027,0.07326443141056806
83.54430379746836,84.81012658227849,0.2243710225841962
8.860759493670887,100.0,0.10015497183341002
63.29113924050633,7.59493670886076,0.0517936165633512
63.29113924050633,77.21518987341773,0.14694367261112418
18.9873417721519,75.9493670886076,0.12683693237819513
44.30379746835443,93.67088607594937,0.09300501441557756
72.15189873417722,26.58227848101266,0.16827914117881582
67.08860759493672,32.911392405063296,0.18732803426363823
18.9873417721519,78.48101265822785,0.13046437987291934
37.9746835443038,68.35443037974684,0.11106538086459533
32.911392405063296,64.55696202531647,0.137840410441301
48.10126582278481,58.22784810126583,0.4228469320775163
55.696202531645575,32.911392405063296,0.19598340015451107
25.31645569620253,68.35443037974684,0.16524623086621254
50.63291139240506,82.27848101265823,0.12060531579534009
79.74683544303798,11.39240506329114,0.17908621904589747
32.911392405063296,68.35443037974684,0.12748360498331882
20.253164556962027,35.44303797468355,1.0799729736144335
30.37974683544304,36.708860759493675,1.0222113989594377
50.63291139240506,86.07594936708861,0.15068715431853177
62.025316455696206,89.87341772151899,0.09478256231383313
82.27848101265823,22.78481012658228,0.14874262166234503
41.77215189873418,27.848101265822788,0.14012396086120477
5.063291139240507,93.67088607594937,-0.00603916198109021
62.025316455696206,20.253164556962027,0.10071123341825976
7.59493670886076,91.13924050632912,0.12489341862112562
86.07594936708861,49.36708860759494,0.31055247057612023
30.37974683544304,88.60759493670886,0.1074397707325328
98.73417721518987,100.0,0.27635356673627665
96.20253164556962,81.0126582278481,0.28494934532754723
92.40506329113924,56.9620253164557,0.422011873804628
63.29113924050633,91.13924050632912,0.1556967546238489
25.31645569620253,49.36708860759494,0.5428948064909367
81.0126582278481,89.87341772151899,0.17220865220883264
3.79746835443038,75.9493670886076,0.057658598792379785
55.696202531645575,100.0,0.11481480482124366
65.82278481012659,21.518987341772153,0.08370573563742857
69.62025316455697,97.46835443037975,0.10960362455629338
69.62025316455697,54.43037974683545,0.8585078604900428
